model,ngram,stop_words,n_comp,max_features,n_clusters,lemmatization,WSS,Silhouette Score
cv,"(1, 1)",None,50,1000,5,False,3256.9082,0.0228
cv,"(1, 1)",None,50,1000,5,True,3115.3654,0.0287
cv,"(1, 1)",None,50,1000,9,False,3139.5384,0.0252
cv,"(1, 1)",None,50,1000,9,True,2998.9663,0.0405
cv,"(1, 1)",None,50,1000,13,False,3062.9839,0.0192
cv,"(1, 1)",None,50,1000,13,True,2936.8341,0.0266
cv,"(1, 1)",None,50,5000,5,False,4332.4750,0.0238
cv,"(1, 1)",None,50,5000,5,True,4293.3829,0.0158
cv,"(1, 1)",None,50,5000,9,False,4204.1364,-0.0073
cv,"(1, 1)",None,50,5000,9,True,4166.4947,0.0227
cv,"(1, 1)",None,50,5000,13,False,4140.6432,-0.0005
cv,"(1, 1)",None,50,5000,13,True,4076.3285,0.0001
cv,"(1, 1)",None,100,1000,5,False,3256.9082,0.0228
cv,"(1, 1)",None,100,1000,5,True,3115.3654,0.0287
cv,"(1, 1)",None,100,1000,9,False,3139.5384,0.0252
cv,"(1, 1)",None,100,1000,9,True,2998.9663,0.0405
cv,"(1, 1)",None,100,1000,13,False,3062.9839,0.0192
cv,"(1, 1)",None,100,1000,13,True,2936.8341,0.0266
cv,"(1, 1)",None,100,5000,5,False,4332.4750,0.0238
cv,"(1, 1)",None,100,5000,5,True,4293.3829,0.0158
cv,"(1, 1)",None,100,5000,9,False,4204.1364,-0.0073
cv,"(1, 1)",None,100,5000,9,True,4166.4947,0.0227
cv,"(1, 1)",None,100,5000,13,False,4140.6432,-0.0005
cv,"(1, 1)",None,100,5000,13,True,4076.3285,0.0001
cv,"(1, 1)",english,50,1000,5,False,2533.6320,0.0319
cv,"(1, 1)",english,50,1000,5,True,2420.9486,0.0269
cv,"(1, 1)",english,50,1000,9,False,2472.6114,0.0375
cv,"(1, 1)",english,50,1000,9,True,2359.4214,0.0389
cv,"(1, 1)",english,50,1000,13,False,2395.2039,0.0308
cv,"(1, 1)",english,50,1000,13,True,2274.0237,0.0185
cv,"(1, 1)",english,50,5000,5,False,3514.0125,0.0120
cv,"(1, 1)",english,50,5000,5,True,3488.4383,0.0153
cv,"(1, 1)",english,50,5000,9,False,3431.9429,0.0060
cv,"(1, 1)",english,50,5000,9,True,3414.1846,0.0097
cv,"(1, 1)",english,50,5000,13,False,3373.0665,-0.0029
cv,"(1, 1)",english,50,5000,13,True,3341.7136,0.0069
cv,"(1, 1)",english,100,1000,5,False,2533.6320,0.0319
cv,"(1, 1)",english,100,1000,5,True,2420.9486,0.0269
cv,"(1, 1)",english,100,1000,9,False,2472.6114,0.0375
cv,"(1, 1)",english,100,1000,9,True,2359.4214,0.0389
cv,"(1, 1)",english,100,1000,13,False,2395.2039,0.0308
cv,"(1, 1)",english,100,1000,13,True,2274.0237,0.0185
cv,"(1, 1)",english,100,5000,5,False,3514.0125,0.0120
cv,"(1, 1)",english,100,5000,5,True,3488.4383,0.0153
cv,"(1, 1)",english,100,5000,9,False,3431.9429,0.0060
cv,"(1, 1)",english,100,5000,9,True,3414.1846,0.0097
cv,"(1, 1)",english,100,5000,13,False,3373.0665,-0.0029
cv,"(1, 1)",english,100,5000,13,True,3341.7136,0.0069
cv,"(1, 2)",None,50,1000,5,False,3576.9057,0.0343
cv,"(1, 2)",None,50,1000,5,True,3471.9109,0.0241
cv,"(1, 2)",None,50,1000,9,False,3438.6511,0.0474
cv,"(1, 2)",None,50,1000,9,True,3312.0465,0.0413
cv,"(1, 2)",None,50,1000,13,False,3351.7444,0.0251
cv,"(1, 2)",None,50,1000,13,True,3217.4034,0.0446
cv,"(1, 2)",None,50,5000,5,False,7675.2961,0.0036
cv,"(1, 2)",None,50,5000,5,True,7564.5660,-0.0064
cv,"(1, 2)",None,50,5000,9,False,7478.1658,0.0137
cv,"(1, 2)",None,50,5000,9,True,7368.5583,0.0167
cv,"(1, 2)",None,50,5000,13,False,7340.0225,-0.0125
cv,"(1, 2)",None,50,5000,13,True,7248.1956,0.0075
cv,"(1, 2)",None,100,1000,5,False,3576.9057,0.0343
cv,"(1, 2)",None,100,1000,5,True,3471.9109,0.0241
cv,"(1, 2)",None,100,1000,9,False,3438.6511,0.0474
cv,"(1, 2)",None,100,1000,9,True,3312.0465,0.0413
cv,"(1, 2)",None,100,1000,13,False,3351.7444,0.0251
cv,"(1, 2)",None,100,1000,13,True,3217.4034,0.0446
cv,"(1, 2)",None,100,5000,5,False,7675.2961,0.0036
cv,"(1, 2)",None,100,5000,5,True,7564.5660,-0.0064
cv,"(1, 2)",None,100,5000,9,False,7478.1658,0.0137
cv,"(1, 2)",None,100,5000,9,True,7368.5583,0.0167
cv,"(1, 2)",None,100,5000,13,False,7340.0225,-0.0125
cv,"(1, 2)",None,100,5000,13,True,7248.1956,0.0075
cv,"(1, 2)",english,50,1000,5,False,2746.4167,0.1175
cv,"(1, 2)",english,50,1000,5,True,2641.6248,0.0609
cv,"(1, 2)",english,50,1000,9,False,2638.2762,-0.0608
cv,"(1, 2)",english,50,1000,9,True,2532.7486,0.0546
cv,"(1, 2)",english,50,1000,13,False,2543.5407,0.0199
cv,"(1, 2)",english,50,1000,13,True,2461.8921,0.0233
cv,"(1, 2)",english,50,5000,5,False,6658.8329,0.0094
cv,"(1, 2)",english,50,5000,5,True,6617.8455,-0.0240
cv,"(1, 2)",english,50,5000,9,False,6553.2088,-0.0121
cv,"(1, 2)",english,50,5000,9,True,6508.3183,-0.0028
cv,"(1, 2)",english,50,5000,13,False,6462.4877,-0.0030
cv,"(1, 2)",english,50,5000,13,True,6389.0321,-0.0009
cv,"(1, 2)",english,100,1000,5,False,2746.4167,0.1175
cv,"(1, 2)",english,100,1000,5,True,2641.6248,0.0609
cv,"(1, 2)",english,100,1000,9,False,2638.2762,-0.0608
cv,"(1, 2)",english,100,1000,9,True,2532.7486,0.0546
cv,"(1, 2)",english,100,1000,13,False,2543.5407,0.0199
cv,"(1, 2)",english,100,1000,13,True,2461.8921,0.0233
cv,"(1, 2)",english,100,5000,5,False,6658.8329,0.0094
cv,"(1, 2)",english,100,5000,5,True,6617.8455,-0.0240
cv,"(1, 2)",english,100,5000,9,False,6553.2088,-0.0121
cv,"(1, 2)",english,100,5000,9,True,6508.3183,-0.0028
cv,"(1, 2)",english,100,5000,13,False,6462.4877,-0.0030
cv,"(1, 2)",english,100,5000,13,True,6389.0321,-0.0009
cv,"(1, 3)",None,50,1000,5,False,3554.2953,0.0168
cv,"(1, 3)",None,50,1000,5,True,3531.3374,0.0434
cv,"(1, 3)",None,50,1000,9,False,3455.5880,0.0412
cv,"(1, 3)",None,50,1000,9,True,3342.1612,0.0206
cv,"(1, 3)",None,50,1000,13,False,3326.4055,0.0147
cv,"(1, 3)",None,50,1000,13,True,3238.8695,0.0468
cv,"(1, 3)",None,50,5000,5,False,7757.0849,0.0161
cv,"(1, 3)",None,50,5000,5,True,7636.4734,0.0360
cv,"(1, 3)",None,50,5000,9,False,7568.5855,0.0097
cv,"(1, 3)",None,50,5000,9,True,7520.4624,-0.0672
cv,"(1, 3)",None,50,5000,13,False,7448.4317,-0.0420
cv,"(1, 3)",None,50,5000,13,True,7293.3849,-0.0550
cv,"(1, 3)",None,100,1000,5,False,3554.2953,0.0168
cv,"(1, 3)",None,100,1000,5,True,3531.3374,0.0434
cv,"(1, 3)",None,100,1000,9,False,3455.5880,0.0412
cv,"(1, 3)",None,100,1000,9,True,3342.1612,0.0206
cv,"(1, 3)",None,100,1000,13,False,3326.4055,0.0147
cv,"(1, 3)",None,100,1000,13,True,3238.8695,0.0468
cv,"(1, 3)",None,100,5000,5,False,7757.0849,0.0161
cv,"(1, 3)",None,100,5000,5,True,7636.4734,0.0360
cv,"(1, 3)",None,100,5000,9,False,7568.5855,0.0097
cv,"(1, 3)",None,100,5000,9,True,7520.4624,-0.0672
cv,"(1, 3)",None,100,5000,13,False,7448.4317,-0.0420
cv,"(1, 3)",None,100,5000,13,True,7293.3849,-0.0550
cv,"(1, 3)",english,50,1000,5,False,2805.2009,0.0867
cv,"(1, 3)",english,50,1000,5,True,2667.6985,0.0470
cv,"(1, 3)",english,50,1000,9,False,2688.8517,0.0616
cv,"(1, 3)",english,50,1000,9,True,2616.6329,0.1370
cv,"(1, 3)",english,50,1000,13,False,2608.2686,0.0676
cv,"(1, 3)",english,50,1000,13,True,2499.2544,0.0545
cv,"(1, 3)",english,50,5000,5,False,6836.1383,0.0287
cv,"(1, 3)",english,50,5000,5,True,6695.3020,0.0246
cv,"(1, 3)",english,50,5000,9,False,6687.1301,-0.0222
cv,"(1, 3)",english,50,5000,9,True,6586.0023,-0.0260
cv,"(1, 3)",english,50,5000,13,False,6577.2516,-0.1503
cv,"(1, 3)",english,50,5000,13,True,6447.4324,0.0189
cv,"(1, 3)",english,100,1000,5,False,2805.2009,0.0867
cv,"(1, 3)",english,100,1000,5,True,2667.6985,0.0470
cv,"(1, 3)",english,100,1000,9,False,2688.8517,0.0616
cv,"(1, 3)",english,100,1000,9,True,2616.6329,0.1370
cv,"(1, 3)",english,100,1000,13,False,2608.2686,0.0676
cv,"(1, 3)",english,100,1000,13,True,2499.2544,0.0545
cv,"(1, 3)",english,100,5000,5,False,6836.1383,0.0287
cv,"(1, 3)",english,100,5000,5,True,6695.3020,0.0246
cv,"(1, 3)",english,100,5000,9,False,6687.1301,-0.0222
cv,"(1, 3)",english,100,5000,9,True,6586.0023,-0.0260
cv,"(1, 3)",english,100,5000,13,False,6577.2516,-0.1503
cv,"(1, 3)",english,100,5000,13,True,6447.4324,0.0189
tfidf,"(1, 1)",None,50,1000,5,False,432.3422,0.0070
tfidf,"(1, 1)",None,50,1000,5,True,431.7460,0.0080
tfidf,"(1, 1)",None,50,1000,9,False,424.6429,0.0076
tfidf,"(1, 1)",None,50,1000,9,True,424.2173,0.0083
tfidf,"(1, 1)",None,50,1000,13,False,417.5719,0.0093
tfidf,"(1, 1)",None,50,1000,13,True,415.7320,0.0125
tfidf,"(1, 1)",None,50,5000,5,False,438.2260,0.0042
tfidf,"(1, 1)",None,50,5000,5,True,438.4400,0.0039
tfidf,"(1, 1)",None,50,5000,9,False,430.4147,0.0061
tfidf,"(1, 1)",None,50,5000,9,True,431.2581,0.0046
tfidf,"(1, 1)",None,50,5000,13,False,424.8202,0.0063
tfidf,"(1, 1)",None,50,5000,13,True,424.6934,0.0069
tfidf,"(1, 1)",None,100,1000,5,False,432.3422,0.0070
tfidf,"(1, 1)",None,100,1000,5,True,431.7460,0.0080
tfidf,"(1, 1)",None,100,1000,9,False,424.6429,0.0076
tfidf,"(1, 1)",None,100,1000,9,True,424.2173,0.0083
tfidf,"(1, 1)",None,100,1000,13,False,417.5719,0.0093
tfidf,"(1, 1)",None,100,1000,13,True,415.7320,0.0125
tfidf,"(1, 1)",None,100,5000,5,False,438.2260,0.0042
tfidf,"(1, 1)",None,100,5000,5,True,438.4400,0.0039
tfidf,"(1, 1)",None,100,5000,9,False,430.4147,0.0061
tfidf,"(1, 1)",None,100,5000,9,True,431.2581,0.0046
tfidf,"(1, 1)",None,100,5000,13,False,424.8202,0.0063
tfidf,"(1, 1)",None,100,5000,13,True,424.6934,0.0069
tfidf,"(1, 1)",english,50,1000,5,False,436.0674,0.0075
tfidf,"(1, 1)",english,50,1000,5,True,434.4869,0.0105
tfidf,"(1, 1)",english,50,1000,9,False,426.6221,0.0113
tfidf,"(1, 1)",english,50,1000,9,True,426.5082,0.0107
tfidf,"(1, 1)",english,50,1000,13,False,417.9158,0.0151
tfidf,"(1, 1)",english,50,1000,13,True,417.6538,0.0151
tfidf,"(1, 1)",english,50,5000,5,False,439.8645,0.0048
tfidf,"(1, 1)",english,50,5000,5,True,439.5817,0.0055
tfidf,"(1, 1)",english,50,5000,9,False,431.8362,0.0078
tfidf,"(1, 1)",english,50,5000,9,True,432.3520,0.0073
tfidf,"(1, 1)",english,50,5000,13,False,425.4185,0.0086
tfidf,"(1, 1)",english,50,5000,13,True,425.2096,0.0091
tfidf,"(1, 1)",english,100,1000,5,False,436.0674,0.0075
tfidf,"(1, 1)",english,100,1000,5,True,434.4869,0.0105
tfidf,"(1, 1)",english,100,1000,9,False,426.6221,0.0113
tfidf,"(1, 1)",english,100,1000,9,True,426.5082,0.0107
tfidf,"(1, 1)",english,100,1000,13,False,417.9158,0.0151
tfidf,"(1, 1)",english,100,1000,13,True,417.6538,0.0151
tfidf,"(1, 1)",english,100,5000,5,False,439.8645,0.0048
tfidf,"(1, 1)",english,100,5000,5,True,439.5817,0.0055
tfidf,"(1, 1)",english,100,5000,9,False,431.8362,0.0078
tfidf,"(1, 1)",english,100,5000,9,True,432.3520,0.0073
tfidf,"(1, 1)",english,100,5000,13,False,425.4185,0.0086
tfidf,"(1, 1)",english,100,5000,13,True,425.2096,0.0091
tfidf,"(1, 2)",None,50,1000,5,False,432.4589,0.0070
tfidf,"(1, 2)",None,50,1000,5,True,431.5218,0.0086
tfidf,"(1, 2)",None,50,1000,9,False,423.4023,0.0094
tfidf,"(1, 2)",None,50,1000,9,True,422.1949,0.0096
tfidf,"(1, 2)",None,50,1000,13,False,416.2148,0.0101
tfidf,"(1, 2)",None,50,1000,13,True,415.0466,0.0130
tfidf,"(1, 2)",None,50,5000,5,False,442.6233,0.0023
tfidf,"(1, 2)",None,50,5000,5,True,442.4460,0.0024
tfidf,"(1, 2)",None,50,5000,9,False,436.7162,0.0031
tfidf,"(1, 2)",None,50,5000,9,True,437.0806,0.0028
tfidf,"(1, 2)",None,50,5000,13,False,431.1242,0.0044
tfidf,"(1, 2)",None,50,5000,13,True,431.2435,0.0041
tfidf,"(1, 2)",None,100,1000,5,False,432.4589,0.0070
tfidf,"(1, 2)",None,100,1000,5,True,431.5218,0.0086
tfidf,"(1, 2)",None,100,1000,9,False,423.4023,0.0094
tfidf,"(1, 2)",None,100,1000,9,True,422.1949,0.0096
tfidf,"(1, 2)",None,100,1000,13,False,416.2148,0.0101
tfidf,"(1, 2)",None,100,1000,13,True,415.0466,0.0130
tfidf,"(1, 2)",None,100,5000,5,False,442.6233,0.0023
tfidf,"(1, 2)",None,100,5000,5,True,442.4460,0.0024
tfidf,"(1, 2)",None,100,5000,9,False,436.7162,0.0031
tfidf,"(1, 2)",None,100,5000,9,True,437.0806,0.0028
tfidf,"(1, 2)",None,100,5000,13,False,431.1242,0.0044
tfidf,"(1, 2)",None,100,5000,13,True,431.2435,0.0041
tfidf,"(1, 2)",english,50,1000,5,False,433.3858,0.0104
tfidf,"(1, 2)",english,50,1000,5,True,433.1230,0.0098
tfidf,"(1, 2)",english,50,1000,9,False,424.0243,0.0129
tfidf,"(1, 2)",english,50,1000,9,True,423.9717,0.0136
tfidf,"(1, 2)",english,50,1000,13,False,415.9678,0.0155
tfidf,"(1, 2)",english,50,1000,13,True,413.3323,0.0190
tfidf,"(1, 2)",english,50,5000,5,False,443.4054,0.0030
tfidf,"(1, 2)",english,50,5000,5,True,443.5177,0.0029
tfidf,"(1, 2)",english,50,5000,9,False,437.3802,0.0043
tfidf,"(1, 2)",english,50,5000,9,True,437.1527,0.0050
tfidf,"(1, 2)",english,50,5000,13,False,431.2266,0.0064
tfidf,"(1, 2)",english,50,5000,13,True,431.9717,0.0052
tfidf,"(1, 2)",english,100,1000,5,False,433.3858,0.0104
tfidf,"(1, 2)",english,100,1000,5,True,433.1230,0.0098
tfidf,"(1, 2)",english,100,1000,9,False,424.0243,0.0129
tfidf,"(1, 2)",english,100,1000,9,True,423.9717,0.0136
tfidf,"(1, 2)",english,100,1000,13,False,415.9678,0.0155
tfidf,"(1, 2)",english,100,1000,13,True,413.3323,0.0190
tfidf,"(1, 2)",english,100,5000,5,False,443.4054,0.0030
tfidf,"(1, 2)",english,100,5000,5,True,443.5177,0.0029
tfidf,"(1, 2)",english,100,5000,9,False,437.3802,0.0043
tfidf,"(1, 2)",english,100,5000,9,True,437.1527,0.0050
tfidf,"(1, 2)",english,100,5000,13,False,431.2266,0.0064
tfidf,"(1, 2)",english,100,5000,13,True,431.9717,0.0052
tfidf,"(1, 3)",None,50,1000,5,False,432.1858,0.0071
tfidf,"(1, 3)",None,50,1000,5,True,430.4426,0.0099
tfidf,"(1, 3)",None,50,1000,9,False,424.0744,0.0088
tfidf,"(1, 3)",None,50,1000,9,True,421.2366,0.0104
tfidf,"(1, 3)",None,50,1000,13,False,415.2762,0.0114
tfidf,"(1, 3)",None,50,1000,13,True,413.2987,0.0140
tfidf,"(1, 3)",None,50,5000,5,False,442.3275,0.0026
tfidf,"(1, 3)",None,50,5000,5,True,442.5718,0.0026
tfidf,"(1, 3)",None,50,5000,9,False,436.7031,0.0030
tfidf,"(1, 3)",None,50,5000,9,True,436.7192,0.0030
tfidf,"(1, 3)",None,50,5000,13,False,431.0834,0.0042
tfidf,"(1, 3)",None,50,5000,13,True,430.4846,0.0048
tfidf,"(1, 3)",None,100,1000,5,False,432.1858,0.0071
tfidf,"(1, 3)",None,100,1000,5,True,430.4426,0.0099
tfidf,"(1, 3)",None,100,1000,9,False,424.0744,0.0088
tfidf,"(1, 3)",None,100,1000,9,True,421.2366,0.0104
tfidf,"(1, 3)",None,100,1000,13,False,415.2762,0.0114
tfidf,"(1, 3)",None,100,1000,13,True,413.2987,0.0140
tfidf,"(1, 3)",None,100,5000,5,False,442.3275,0.0026
tfidf,"(1, 3)",None,100,5000,5,True,442.5718,0.0026
tfidf,"(1, 3)",None,100,5000,9,False,436.7031,0.0030
tfidf,"(1, 3)",None,100,5000,9,True,436.7192,0.0030
tfidf,"(1, 3)",None,100,5000,13,False,431.0834,0.0042
tfidf,"(1, 3)",None,100,5000,13,True,430.4846,0.0048
tfidf,"(1, 3)",english,50,1000,5,False,432.3968,0.0103
tfidf,"(1, 3)",english,50,1000,5,True,432.5035,0.0112
tfidf,"(1, 3)",english,50,1000,9,False,423.7567,0.0129
tfidf,"(1, 3)",english,50,1000,9,True,421.8397,0.0158
tfidf,"(1, 3)",english,50,1000,13,False,414.2921,0.0179
tfidf,"(1, 3)",english,50,1000,13,True,412.1838,0.0210
tfidf,"(1, 3)",english,50,5000,5,False,443.5441,0.0030
tfidf,"(1, 3)",english,50,5000,5,True,443.4671,0.0032
tfidf,"(1, 3)",english,50,5000,9,False,437.7005,0.0044
tfidf,"(1, 3)",english,50,5000,9,True,437.4693,0.0043
tfidf,"(1, 3)",english,50,5000,13,False,432.0577,0.0051
tfidf,"(1, 3)",english,50,5000,13,True,432.0039,0.0053
tfidf,"(1, 3)",english,100,1000,5,False,432.3968,0.0103
tfidf,"(1, 3)",english,100,1000,5,True,432.5035,0.0112
tfidf,"(1, 3)",english,100,1000,9,False,423.7567,0.0129
tfidf,"(1, 3)",english,100,1000,9,True,421.8397,0.0158
tfidf,"(1, 3)",english,100,1000,13,False,414.2921,0.0179
tfidf,"(1, 3)",english,100,1000,13,True,412.1838,0.0210
tfidf,"(1, 3)",english,100,5000,5,False,443.5441,0.0030
tfidf,"(1, 3)",english,100,5000,5,True,443.4671,0.0032
tfidf,"(1, 3)",english,100,5000,9,False,437.7005,0.0044
tfidf,"(1, 3)",english,100,5000,9,True,437.4693,0.0043
tfidf,"(1, 3)",english,100,5000,13,False,432.0577,0.0051
tfidf,"(1, 3)",english,100,5000,13,True,432.0039,0.0053
lsa,"(1, 1)",None,50,1000,5,False,125.8632,0.0337
lsa,"(1, 1)",None,50,1000,5,True,125.6824,0.0498
lsa,"(1, 1)",None,50,1000,9,False,117.0627,0.0550
lsa,"(1, 1)",None,50,1000,9,True,116.3358,0.0550
lsa,"(1, 1)",None,50,1000,13,False,108.7131,0.0541
lsa,"(1, 1)",None,50,1000,13,True,108.6988,0.0597
lsa,"(1, 1)",None,50,5000,5,False,103.6479,0.0300
lsa,"(1, 1)",None,50,5000,5,True,101.0465,0.0493
lsa,"(1, 1)",None,50,5000,9,False,95.7644,0.0392
lsa,"(1, 1)",None,50,5000,9,True,93.9889,0.0384
lsa,"(1, 1)",None,50,5000,13,False,88.9466,0.0598
lsa,"(1, 1)",None,50,5000,13,True,86.4627,0.0835
lsa,"(1, 1)",None,100,1000,5,False,208.7716,0.0166
lsa,"(1, 1)",None,100,1000,5,True,207.9328,0.0243
lsa,"(1, 1)",None,100,1000,9,False,200.3884,0.0211
lsa,"(1, 1)",None,100,1000,9,True,198.3713,0.0365
lsa,"(1, 1)",None,100,1000,13,False,192.8206,0.0320
lsa,"(1, 1)",None,100,1000,13,True,189.5025,0.0455
lsa,"(1, 1)",None,100,5000,5,False,174.8249,0.0253
lsa,"(1, 1)",None,100,5000,5,True,172.3737,0.0270
lsa,"(1, 1)",None,100,5000,9,False,168.6327,0.0246
lsa,"(1, 1)",None,100,5000,9,True,164.9146,0.0265
lsa,"(1, 1)",None,100,5000,13,False,160.5062,0.0271
lsa,"(1, 1)",None,100,5000,13,True,156.4589,0.0492
lsa,"(1, 1)",english,50,1000,5,False,117.2970,0.0818
lsa,"(1, 1)",english,50,1000,5,True,116.8768,0.0901
lsa,"(1, 1)",english,50,1000,9,False,108.2094,0.1153
lsa,"(1, 1)",english,50,1000,9,True,108.0671,0.1149
lsa,"(1, 1)",english,50,1000,13,False,100.1749,0.0809
lsa,"(1, 1)",english,50,1000,13,True,98.3791,0.1009
lsa,"(1, 1)",english,50,5000,5,False,97.9283,0.2012
lsa,"(1, 1)",english,50,5000,5,True,96.5629,0.1304
lsa,"(1, 1)",english,50,5000,9,False,90.0140,0.1051
lsa,"(1, 1)",english,50,5000,9,True,89.1506,0.1466
lsa,"(1, 1)",english,50,5000,13,False,81.5907,0.1499
lsa,"(1, 1)",english,50,5000,13,True,81.1738,0.1317
lsa,"(1, 1)",english,100,1000,5,False,201.7387,0.0359
lsa,"(1, 1)",english,100,1000,5,True,201.7852,0.0429
lsa,"(1, 1)",english,100,1000,9,False,192.0328,0.0414
lsa,"(1, 1)",english,100,1000,9,True,192.6480,0.0365
lsa,"(1, 1)",english,100,1000,13,False,185.5608,0.0466
lsa,"(1, 1)",english,100,1000,13,True,181.8843,0.0536
lsa,"(1, 1)",english,100,5000,5,False,169.3644,0.0559
lsa,"(1, 1)",english,100,5000,5,True,167.5798,0.1090
lsa,"(1, 1)",english,100,5000,9,False,162.5531,0.0256
lsa,"(1, 1)",english,100,5000,9,True,159.7412,0.0345
lsa,"(1, 1)",english,100,5000,13,False,155.0354,0.0317
lsa,"(1, 1)",english,100,5000,13,True,153.3413,0.0272
lsa,"(1, 2)",None,50,1000,5,False,128.4033,0.0331
lsa,"(1, 2)",None,50,1000,5,True,128.8811,0.0533
lsa,"(1, 2)",None,50,1000,9,False,118.2874,0.0531
lsa,"(1, 2)",None,50,1000,9,True,119.1666,0.0471
lsa,"(1, 2)",None,50,1000,13,False,109.3995,0.0633
lsa,"(1, 2)",None,50,1000,13,True,109.6856,0.0731
lsa,"(1, 2)",None,50,5000,5,False,81.6050,0.0253
lsa,"(1, 2)",None,50,5000,5,True,81.1594,0.2422
lsa,"(1, 2)",None,50,5000,9,False,75.2670,0.0543
lsa,"(1, 2)",None,50,5000,9,True,75.2555,0.0708
lsa,"(1, 2)",None,50,5000,13,False,69.3175,0.0504
lsa,"(1, 2)",None,50,5000,13,True,68.7194,0.0570
lsa,"(1, 2)",None,100,1000,5,False,215.9749,0.0323
lsa,"(1, 2)",None,100,1000,5,True,218.0158,0.0151
lsa,"(1, 2)",None,100,1000,9,False,207.0095,0.0293
lsa,"(1, 2)",None,100,1000,9,True,208.1214,0.0379
lsa,"(1, 2)",None,100,1000,13,False,199.1734,0.0202
lsa,"(1, 2)",None,100,1000,13,True,198.3177,0.0465
lsa,"(1, 2)",None,100,5000,5,False,144.5171,0.0090
lsa,"(1, 2)",None,100,5000,5,True,144.2588,0.0456
lsa,"(1, 2)",None,100,5000,9,False,138.4454,0.0261
lsa,"(1, 2)",None,100,5000,9,True,138.0588,0.0348
lsa,"(1, 2)",None,100,5000,13,False,132.5856,0.0163
lsa,"(1, 2)",None,100,5000,13,True,132.2256,-0.0013
lsa,"(1, 2)",english,50,1000,5,False,119.9854,0.0767
lsa,"(1, 2)",english,50,1000,5,True,121.8705,0.1095
lsa,"(1, 2)",english,50,1000,9,False,109.2787,0.1049
lsa,"(1, 2)",english,50,1000,9,True,109.8760,0.1161
lsa,"(1, 2)",english,50,1000,13,False,101.0383,0.1110
lsa,"(1, 2)",english,50,1000,13,True,99.8657,0.1358
lsa,"(1, 2)",english,50,5000,5,False,76.9116,0.1197
lsa,"(1, 2)",english,50,5000,5,True,76.4310,0.1813
lsa,"(1, 2)",english,50,5000,9,False,69.8894,0.1283
lsa,"(1, 2)",english,50,5000,9,True,70.4345,0.1311
lsa,"(1, 2)",english,50,5000,13,False,63.1648,0.0874
lsa,"(1, 2)",english,50,5000,13,True,64.2651,0.1985
lsa,"(1, 2)",english,100,1000,5,False,208.1078,0.0446
lsa,"(1, 2)",english,100,1000,5,True,210.6086,0.0331
lsa,"(1, 2)",english,100,1000,9,False,198.7542,0.0453
lsa,"(1, 2)",english,100,1000,9,True,199.5571,0.0456
lsa,"(1, 2)",english,100,1000,13,False,189.1819,0.0474
lsa,"(1, 2)",english,100,1000,13,True,189.3725,0.0722
lsa,"(1, 2)",english,100,5000,5,False,137.8762,0.0226
lsa,"(1, 2)",english,100,5000,5,True,136.8741,0.0410
lsa,"(1, 2)",english,100,5000,9,False,131.3984,-0.0528
lsa,"(1, 2)",english,100,5000,9,True,130.9714,0.0284
lsa,"(1, 2)",english,100,5000,13,False,125.9388,0.0333
lsa,"(1, 2)",english,100,5000,13,True,125.2027,0.0309
lsa,"(1, 3)",None,50,1000,5,False,128.3753,0.0408
lsa,"(1, 3)",None,50,1000,5,True,130.7616,0.0478
lsa,"(1, 3)",None,50,1000,9,False,119.5097,0.0430
lsa,"(1, 3)",None,50,1000,9,True,121.2238,0.0650
lsa,"(1, 3)",None,50,1000,13,False,110.6346,0.0688
lsa,"(1, 3)",None,50,1000,13,True,111.2246,0.0809
lsa,"(1, 3)",None,50,5000,5,False,82.6263,0.0242
lsa,"(1, 3)",None,50,5000,5,True,82.8130,0.0321
lsa,"(1, 3)",None,50,5000,9,False,76.9699,0.0404
lsa,"(1, 3)",None,50,5000,9,True,76.5322,0.0353
lsa,"(1, 3)",None,50,5000,13,False,70.2682,0.0446
lsa,"(1, 3)",None,50,5000,13,True,70.0754,0.0775
lsa,"(1, 3)",None,100,1000,5,False,218.6223,0.0207
lsa,"(1, 3)",None,100,1000,5,True,221.2286,0.0175
lsa,"(1, 3)",None,100,1000,9,False,209.4794,0.0252
lsa,"(1, 3)",None,100,1000,9,True,210.9346,0.0291
lsa,"(1, 3)",None,100,1000,13,False,199.8916,0.0451
lsa,"(1, 3)",None,100,1000,13,True,200.3675,0.0431
lsa,"(1, 3)",None,100,5000,5,False,146.7325,0.0104
lsa,"(1, 3)",None,100,5000,5,True,146.8909,0.0951
lsa,"(1, 3)",None,100,5000,9,False,140.8844,0.0166
lsa,"(1, 3)",None,100,5000,9,True,140.2210,0.0350
lsa,"(1, 3)",None,100,5000,13,False,134.3188,0.0425
lsa,"(1, 3)",None,100,5000,13,True,134.1002,0.0424
lsa,"(1, 3)",english,50,1000,5,False,119.9228,0.0803
lsa,"(1, 3)",english,50,1000,5,True,122.1657,0.0797
lsa,"(1, 3)",english,50,1000,9,False,110.4957,0.1036
lsa,"(1, 3)",english,50,1000,9,True,111.9200,0.0762
lsa,"(1, 3)",english,50,1000,13,False,100.0056,0.1142
lsa,"(1, 3)",english,50,1000,13,True,100.8722,0.1165
lsa,"(1, 3)",english,50,5000,5,False,77.5545,0.1332
lsa,"(1, 3)",english,50,5000,5,True,77.3042,0.0984
lsa,"(1, 3)",english,50,5000,9,False,71.2156,0.1274
lsa,"(1, 3)",english,50,5000,9,True,70.7801,0.0569
lsa,"(1, 3)",english,50,5000,13,False,64.6438,0.1727
lsa,"(1, 3)",english,50,5000,13,True,64.3764,0.0500
lsa,"(1, 3)",english,100,1000,5,False,210.4484,0.0213
lsa,"(1, 3)",english,100,1000,5,True,211.4896,0.0397
lsa,"(1, 3)",english,100,1000,9,False,200.2221,0.0450
lsa,"(1, 3)",english,100,1000,9,True,201.6363,0.0499
lsa,"(1, 3)",english,100,1000,13,False,190.8446,0.0575
lsa,"(1, 3)",english,100,1000,13,True,192.9995,0.0609
lsa,"(1, 3)",english,100,5000,5,False,138.4190,0.0653
lsa,"(1, 3)",english,100,5000,5,True,138.3372,-0.0018
lsa,"(1, 3)",english,100,5000,9,False,132.8013,0.0213
lsa,"(1, 3)",english,100,5000,9,True,132.4013,0.0035
lsa,"(1, 3)",english,100,5000,13,False,126.5699,0.0266
lsa,"(1, 3)",english,100,5000,13,True,127.0253,0.0263
